id,first_name,last_name,email,gender,date_of_birth,flight,gate,flightseat,arrivingFrom,destinationTo
1,Isak,Broomhall,ibroomhall0@list-manage.com,Bigender,08/07/1958,MK756,13,77V,MX,BR
2,Kinny,Cundy,kcundy1@devhub.com,Female,30/07/1992,OU092,7,08O,MA,ID
3,Monah,Calbreath,mcalbreath2@de.vu,Bigender,03/09/1988,IA883,6,94K,RU,BD
4,Hewett,Poley,hpoley3@usda.gov,Bigender,04/10/1965,QR086,11,83E,AR,CZ
5,Addy,Ryland,aryland4@narod.ru,Agender,12/12/1969,AF662,11,20I,MN,CO
6,Wake,Pedro,wpedro5@msu.edu,Non-binary,14/07/1962,UG492,4,54P,JP,GE
7,Adan,Conroy,aconroy6@usnews.com,Non-binary,13/01/1960,HZ316,13,79N,FR,CN
8,Jeth,Saffe,jsaffe7@umich.edu,Polygender,05/11/1973,UR360,4,84U,ID,ID
9,Celestine,Doul,cdoul8@g.co,Female,12/01/1967,HP797,3,80Z,PH,CN
10,Meryl,Mattiello,mmattiello9@e-recht24.de,Female,01/02/1974,VN739,0,17L,PH,JM
11,Bevan,Bosman,bbosmana@bloglovin.com,Polygender,16/05/1957,FK682,8,62I,CN,CN
12,Lenee,Tolotti,ltolottib@state.gov,Genderqueer,13/06/1975,CM078,7,02H,SE,DO
13,York,Caley,ycaleyc@elpais.com,Agender,21/12/1997,JV471,3,84A,CN,PL
14,Dwight,Betho,dbethod@artisteer.com,Bigender,07/09/1982,JW354,0,01M,PH,TG
15,Sigismond,Leavy,sleavye@netlog.com,Agender,14/04/1968,YG189,13,69P,PT,CN
16,Flossi,Everard,feverardf@phoca.cz,Bigender,25/10/1959,IC228,0,00I,ID,CN
17,Natalee,Brabyn,nbrabyng@ezinearticles.com,Female,25/10/1961,WS548,12,69Q,ES,CZ
18,Tanny,Apfelmann,tapfelmannh@reuters.com,Genderfluid,17/04/1962,MW772,10,62X,LU,AR
19,Suellen,Avann,savanni@bigcartel.com,Genderfluid,07/08/1985,IS241,11,67Y,LA,AR
20,Egon,Rudinger,erudingerj@posterous.com,Male,25/06/1969,MX956,2,19F,BR,FR
21,Isaak,Dedham,idedhamk@forbes.com,Female,30/04/1986,EF369,13,67E,PH,GT
22,Luisa,Flew,lflewl@ucsd.edu,Genderqueer,11/11/1998,CX946,5,58G,ID,VN
23,Penni,Backen,pbackenm@mayoclinic.com,Genderfluid,05/08/1957,MA600,7,93V,RU,PH
24,Emmy,Bawme,ebawmen@state.tx.us,Agender,28/07/1985,CQ887,4,45A,CN,BG
25,Annmaria,Eldershaw,aeldershawo@shop-pro.jp,Non-binary,09/04/1995,WO636,2,72Q,CN,UA
26,Eduard,Boardman,eboardmanp@noaa.gov,Agender,24/08/1983,DD153,12,35E,CN,CN
27,Reggie,MacCarlich,rmaccarlichq@house.gov,Genderfluid,11/10/1957,RY357,10,72B,EC,BR
28,Bail,Pretley,bpretleyr@paypal.com,Polygender,30/09/1970,WS862,7,63A,PH,DE
29,Roxi,Yakolev,ryakolevs@nih.gov,Genderqueer,30/10/1982,MG826,11,56K,NG,CF
30,Coriss,Lumsdall,clumsdallt@ameblo.jp,Bigender,28/06/1993,CA255,2,02A,AM,CR
31,Giulietta,Shemilt,gshemiltu@facebook.com,Male,07/06/2000,BX984,10,73V,MX,CO
32,Mella,Dodds,mdoddsv@mysql.com,Polygender,05/05/1999,DA069,13,04L,ID,CN
33,Katharina,McPhee,kmcpheew@g.co,Genderqueer,16/02/1962,GP562,10,44O,FR,TH
34,Genni,Kettles,gkettlesx@i2i.jp,Bigender,06/11/1971,NH157,7,26Z,TH,JP
35,Helaine,Villaret,hvillarety@usa.gov,Genderqueer,31/05/1973,GX131,13,34B,PH,CN
36,Charmion,Northage,cnorthagez@techcrunch.com,Female,03/01/1970,RG486,0,14T,RE,CN
37,Marj,Dumphrey,mdumphrey10@usgs.gov,Female,30/10/1983,KG527,4,12R,ID,RU
38,Waverly,Casley,wcasley11@blogs.com,Agender,05/12/1964,FQ933,7,55N,CN,ID
39,Amandi,Wylder,awylder12@technorati.com,Genderfluid,15/08/1983,TD237,13,81E,BR,DE
40,Edsel,Cadigan,ecadigan13@virginia.edu,Non-binary,01/09/1997,AF850,4,22J,CN,CZ
41,Indira,Clegg,iclegg14@howstuffworks.com,Female,07/06/1966,DY803,4,87T,PS,JP
42,Mufi,Comini,mcomini15@prweb.com,Male,28/07/1987,CC763,5,47B,EC,NG
43,Gauthier,Gulley,ggulley16@exblog.jp,Non-binary,03/10/1993,VM229,13,74X,CN,FR
44,Stacee,Barensen,sbarensen17@reddit.com,Genderfluid,15/04/1962,YJ382,8,31N,PL,RU
45,Chastity,Whalebelly,cwhalebelly18@cpanel.net,Genderqueer,23/01/1957,FN607,2,53A,UG,RU
46,Juliana,Growden,jgrowden19@blogspot.com,Genderqueer,05/05/1978,ZH553,9,91X,TH,CN
47,Kristo,Hardacre,khardacre1a@forbes.com,Female,15/11/1956,JZ643,2,26E,ID,PL
48,Lizabeth,Banbrick,lbanbrick1b@wordpress.com,Male,20/07/1997,DJ787,8,55P,RU,PH
49,Franky,Bruffell,fbruffell1c@nationalgeographic.com,Agender,26/01/1990,GG561,4,29P,CN,YE
50,Jae,Dodding,jdodding1d@4shared.com,Agender,15/07/1979,JI973,7,82X,US,SV
51,Shanna,Stener,sstener1e@stumbleupon.com,Genderfluid,09/02/1983,FX116,2,11W,CN,AU
52,Ogdon,MacElane,omacelane1f@clickbank.net,Bigender,31/01/1982,VT198,5,32N,MX,CN
53,Rubina,Farlam,rfarlam1g@census.gov,Bigender,25/01/1967,TP748,9,33O,TH,PK
54,Ferrell,Lucus,flucus1h@rakuten.co.jp,Agender,11/06/2000,SZ467,1,60I,GR,RS
55,Tobit,McKissack,tmckissack1i@pcworld.com,Agender,14/05/1959,ND211,3,97M,HU,SY
56,Rheba,Sagrott,rsagrott1j@accuweather.com,Non-binary,22/10/1963,YQ123,4,99B,ID,TZ
57,Rozamond,D'eathe,rdeathe1k@netlog.com,Polygender,23/10/1998,ZC245,13,05L,CZ,UA
58,Tudor,Telford,ttelford1l@examiner.com,Female,18/08/1978,HZ520,11,87Y,FI,BR
59,Aliza,Ormshaw,aormshaw1m@lulu.com,Non-binary,02/05/1964,ZP523,2,15U,UA,ZA
60,Othelia,Hamel,ohamel1n@vkontakte.ru,Genderfluid,18/03/1983,FX907,7,11R,RU,RU
61,Ferdinanda,Fairebrother,ffairebrother1o@admin.ch,Female,12/01/1991,TJ491,9,06H,RS,NO
62,Feodora,Coomes,fcoomes1p@nature.com,Bigender,28/03/1994,BZ296,4,13M,DO,PL
63,Trudi,Futty,tfutty1q@nasa.gov,Bigender,15/01/1968,SP685,0,58H,HN,RU
64,Doris,Tearny,dtearny1r@webs.com,Bigender,16/03/1988,WK891,6,62Q,LV,DO
65,Rosalinde,Matignon,rmatignon1s@furl.net,Male,19/12/1966,OB455,8,95A,CO,IQ
66,Rosaleen,Andersen,randersen1t@webmd.com,Female,11/11/1985,VU548,5,27X,ID,AM
67,Ferrel,Quarterman,fquarterman1u@zimbio.com,Genderfluid,05/12/1999,WC589,12,72T,CN,GR
68,Marisa,Garrish,mgarrish1v@uiuc.edu,Bigender,29/09/1996,QB475,6,35Q,CN,SE
69,Estell,Simson,esimson1w@admin.ch,Non-binary,20/01/1994,QT331,9,21I,TH,PL
70,Hayyim,Garn,hgarn1x@noaa.gov,Male,06/02/1980,GP052,8,08A,LU,BR
71,Renee,Tommen,rtommen1y@creativecommons.org,Genderqueer,18/06/1987,SH419,3,17H,PL,ID
72,Russ,Levington,rlevington1z@shutterfly.com,Female,25/03/1995,OE368,6,07Y,PT,SN
73,Deborah,Matyukon,dmatyukon20@comcast.net,Genderfluid,26/01/1990,GH675,5,55R,CN,CN
74,Ninetta,Knappitt,nknappitt21@hhs.gov,Male,25/06/1980,BI225,1,30P,RU,CI
75,Jeddy,Domone,jdomone22@spotify.com,Bigender,29/03/1959,HV006,10,81A,PS,CN
76,Alane,Fright,afright23@craigslist.org,Male,14/11/1998,MZ291,13,50A,PL,NG
77,Gerta,Gautrey,ggautrey24@meetup.com,Male,06/07/1997,JI756,3,48J,CN,UA
78,Terry,Baton,tbaton25@theglobeandmail.com,Polygender,08/12/1989,IX568,5,50F,PS,CN
79,Holli,Le Brom,hlebrom26@cdbaby.com,Non-binary,09/09/1995,DX819,12,18V,MX,BR
80,Mitzi,Dooney,mdooney27@umn.edu,Non-binary,22/03/1966,BQ579,11,38W,NP,CN
81,Mead,Line,mline28@archive.org,Female,13/01/1975,WH778,12,17I,SI,PH
82,Thurston,Fretson,tfretson29@cpanel.net,Bigender,18/03/1970,KR691,0,51Q,CN,GB
83,Dominica,Vidgen,dvidgen2a@ning.com,Agender,05/04/1986,EF128,12,02W,BR,ID
84,Cassandre,Cassidy,ccassidy2b@theatlantic.com,Agender,13/12/1972,NS582,1,26Q,CN,UA
85,Averil,Dutchburn,adutchburn2c@moonfruit.com,Female,27/04/1972,NM730,1,25C,US,SE
86,Brantley,Di Baudi,bdibaudi2d@webeden.co.uk,Female,26/11/1992,RN479,9,31E,NO,BR
87,Ferdie,Gwyer,fgwyer2e@zimbio.com,Genderfluid,04/01/1957,LB358,8,01M,PH,BR
88,Lane,Larkings,llarkings2f@feedburner.com,Genderfluid,11/05/1979,YT653,5,06D,TZ,CN
89,Audie,Shetliff,ashetliff2g@51.la,Bigender,13/08/1995,QM427,2,11O,JP,MY
90,Kenneth,Olliff,kolliff2h@studiopress.com,Female,08/02/1977,YV295,11,56A,ID,HN
91,Ashly,Meas,ameas2i@aboutads.info,Genderqueer,29/02/1964,JZ355,12,96O,BF,ID
92,Sidnee,Atter,satter2j@ucoz.ru,Non-binary,02/07/1986,TQ128,13,92S,ID,CN
93,Barton,Andrelli,bandrelli2k@joomla.org,Genderqueer,22/03/1974,AL484,6,05G,BR,NG
94,Morgen,Glynne,mglynne2l@desdev.cn,Bigender,21/02/1972,WS002,3,83T,CN,KM
95,Maurice,Siss,msiss2m@macromedia.com,Non-binary,13/08/1973,PA810,5,46S,PH,RS
96,Barb,Arminger,barminger2n@w3.org,Genderqueer,08/10/1997,LC195,10,52W,CN,US
97,Clotilda,Losseljong,closseljong2o@europa.eu,Agender,16/05/1972,ES088,11,29F,CN,CN
98,Russ,McCaighey,rmccaighey2p@nasa.gov,Female,25/04/1962,YC756,12,92F,YE,PT
99,Janith,Tallach,jtallach2q@histats.com,Agender,30/12/1991,TP047,7,01R,CN,TH
100,Jeremias,Flemming,jflemming2r@elegantthemes.com,Genderqueer,09/08/1980,JK751,12,55A,DJ,PL
101,Joelly,Storrie,jstorrie2s@booking.com,Non-binary,06/05/1993,MI553,13,68D,SD,JO
102,Jan,Gilvear,jgilvear2t@who.int,Agender,16/02/1998,QR888,10,02G,GT,SI
103,Raymund,Shervington,rshervington2u@macromedia.com,Agender,28/06/1980,SB325,8,32K,CA,PH
104,Tobe,Macieja,tmacieja2v@shareasale.com,Polygender,21/03/1994,WP491,6,14N,ID,HR
105,Elsy,Lardier,elardier2w@usa.gov,Genderfluid,25/03/1967,OL479,3,03C,US,CN
106,Demetra,O'Feeney,dofeeney2x@java.com,Genderqueer,14/07/1989,LH198,2,78B,PL,CN
107,Hanan,Carwithen,hcarwithen2y@is.gd,Agender,07/05/1998,JW642,6,06N,HN,CN
108,Maryann,Wagg,mwagg2z@wisc.edu,Non-binary,23/06/1970,DO079,0,96T,UA,RU
109,Wilhelmina,Ramage,wramage30@reverbnation.com,Non-binary,11/04/1962,JB016,9,48F,PE,ID
110,Cece,Lethibridge,clethibridge31@home.pl,Agender,03/05/1992,TV488,12,71M,ID,EC
111,Farrel,Cornelisse,fcornelisse32@timesonline.co.uk,Genderfluid,24/04/1968,LD626,2,14Z,CN,SE
112,Betteann,Altimas,baltimas33@census.gov,Agender,03/06/1970,WP367,9,06I,FR,CN
113,Neile,Mahood,nmahood34@bigcartel.com,Male,27/09/1964,DC860,5,79J,ID,CN
114,Adelind,Ivanikhin,aivanikhin35@europa.eu,Non-binary,09/06/1973,BD407,7,50A,ID,GR
115,Josephine,Silverstone,jsilverstone36@drupal.org,Polygender,22/10/1976,DP451,2,12K,GP,GB
116,Lorena,Hughlock,lhughlock37@blogtalkradio.com,Genderqueer,17/05/1983,KO907,11,78A,SI,SE
117,Linc,Van Ross,lvanross38@netvibes.com,Bigender,18/08/1980,IW796,10,65Q,PH,ID
118,Jan,Stoffersen,jstoffersen39@va.gov,Agender,12/06/1989,AA643,8,14K,PH,SA
119,Durward,Karchewski,dkarchewski3a@oracle.com,Female,09/01/1973,ZE567,13,56U,CN,ID
120,Sabine,Denis,sdenis3b@fastcompany.com,Female,29/05/1995,ID461,1,04U,DE,ID
121,Hank,Wanklin,hwanklin3c@hao123.com,Male,25/10/1992,JH292,11,00T,CN,CN
122,Wallie,Vernazza,wvernazza3d@bbc.co.uk,Female,06/11/1986,RY661,0,16J,TH,CN
123,Killian,Winteringham,kwinteringham3e@nyu.edu,Genderqueer,09/09/1988,LG896,12,36C,CA,FR
124,Liesa,Squibb,lsquibb3f@about.me,Genderfluid,26/01/1994,EQ748,12,38J,TN,ID
125,Kaitlynn,Stookes,kstookes3g@1und1.de,Male,06/03/1982,LQ282,9,55J,CA,ZA
126,Trev,Cribbott,tcribbott3h@tinyurl.com,Non-binary,27/06/1984,ME772,3,57M,CR,RU
127,Elias,O'Carrol,eocarrol3i@google.com.au,Male,13/04/1984,BY217,13,18Q,FR,CO
128,Ericka,Cohn,ecohn3j@virginia.edu,Agender,10/11/1971,EE895,7,03W,ID,CN
129,Rourke,Fyrth,rfyrth3k@mozilla.org,Bigender,29/04/1967,YS482,2,09D,PH,PL
130,Cornela,Gapp,cgapp3l@friendfeed.com,Non-binary,25/03/1963,FR814,11,71N,MY,YE
131,Kamillah,Paschek,kpaschek3m@archive.org,Genderqueer,12/05/1964,LS412,1,33X,CN,SE
132,Jeremy,Skydall,jskydall3n@networksolutions.com,Genderqueer,19/08/1956,JG026,2,71P,AR,ZA
133,Urbano,Aires,uaires3o@stanford.edu,Agender,16/04/1957,FR403,10,32V,PT,LY
134,Kelvin,Redmayne,kredmayne3p@adobe.com,Non-binary,21/12/1976,OK141,6,75R,US,WS
135,Gareth,Crocroft,gcrocroft3q@people.com.cn,Male,01/11/1988,JO659,12,16V,CN,PH
136,Skell,Pluck,spluck3r@fema.gov,Agender,20/06/1980,FN606,0,13Y,PH,CN
137,Felicio,Hayes,fhayes3s@apple.com,Genderqueer,06/11/1989,QZ162,12,38Q,RU,YE
138,Beitris,Halmkin,bhalmkin3t@who.int,Polygender,14/06/1974,OI184,11,32G,CN,CN
139,Blondelle,Betchley,bbetchley3u@is.gd,Bigender,14/05/1963,OY832,3,66H,SN,ID
140,Delcine,Brookfield,dbrookfield3v@squidoo.com,Agender,16/05/2000,IV163,6,04E,CN,PL
141,Kaitlyn,Elsmore,kelsmore3w@washingtonpost.com,Male,20/04/1978,ZT068,9,35K,VE,SE
142,Briana,Foyster,bfoyster3x@ehow.com,Male,05/07/1984,UI717,10,74H,RU,BR
143,Robb,Reeken,rreeken3y@boston.com,Female,16/03/1990,ZQ505,4,98Y,TJ,YE
144,Agnes,Enrietto,aenrietto3z@phpbb.com,Bigender,30/12/1964,IP691,13,80X,PH,CN
145,Barnabe,Dorian,bdorian40@feedburner.com,Male,18/04/1970,OZ469,2,65N,ID,ID
146,Bernhard,MacKall,bmackall41@squidoo.com,Male,26/10/1987,BM717,1,20S,RU,NO
147,Klement,McIlwrick,kmcilwrick42@sun.com,Bigender,30/04/1968,YV784,9,34J,PT,AR
148,Creighton,Daouse,cdaouse43@economist.com,Female,28/04/1958,UR009,2,84X,ID,CN
149,Joann,Dobeson,jdobeson44@whitehouse.gov,Agender,08/08/1979,MN222,1,73J,CN,ID
150,Laryssa,Oiseau,loiseau45@blogger.com,Non-binary,04/08/1957,UF501,12,36G,CN,ID
151,Evangelin,Montilla,emontilla46@prlog.org,Non-binary,04/11/1998,OV144,5,09C,ID,VN
152,Willey,Sorley,wsorley47@quantcast.com,Non-binary,03/11/1982,AC038,9,51E,PH,CN
153,Lukas,Elen,lelen48@feedburner.com,Male,13/07/1976,KR910,4,83V,PL,NG
154,Rutledge,Kittman,rkittman49@shinystat.com,Genderqueer,20/12/1991,JI934,3,62X,CN,CN
155,Rosita,Simms,rsimms4a@technorati.com,Bigender,19/12/1980,IM451,10,54E,CN,UA
156,Nichole,Ferriere,nferriere4b@livejournal.com,Female,10/09/1965,QU291,5,23Q,CN,SE
157,Wendell,Kolyagin,wkolyagin4c@usgs.gov,Genderqueer,31/10/1968,AM997,3,40X,PH,CN
158,Karil,Sydry,ksydry4d@webeden.co.uk,Bigender,04/09/1983,CP613,2,79P,ID,CN
159,Theressa,Brockest,tbrockest4e@house.gov,Agender,09/02/1985,ID092,4,16R,HU,ID
160,Allissa,Turton,aturton4f@archive.org,Genderqueer,29/05/1974,CU306,13,11Z,CU,PH
161,Faustina,Harg,fharg4g@de.vu,Bigender,29/03/1957,TC561,5,57O,PL,MX
162,Gav,Crean,gcrean4h@sitemeter.com,Bigender,24/07/1983,ZI581,4,43T,BR,YE
163,Zsazsa,Metham,zmetham4i@cdbaby.com,Male,08/10/1978,XA253,9,33J,MX,TV
164,Eileen,Probbings,eprobbings4j@ucla.edu,Polygender,22/10/1980,LQ673,10,81G,CN,ID
165,Rock,Ruhben,rruhben4k@mapy.cz,Female,23/11/1973,RC545,4,42J,XK,CN
166,Cirilo,Ghost,cghost4l@amazon.co.jp,Male,08/12/1970,LQ118,13,34T,PH,CN
167,Madlin,Blaik,mblaik4m@army.mil,Genderqueer,27/03/1978,BN648,4,74G,US,CN
168,Linell,Deuss,ldeuss4n@wordpress.org,Genderqueer,26/11/1992,RT988,13,76L,XK,CN
169,Perceval,Fosdike,pfosdike4o@elegantthemes.com,Agender,24/12/1960,LS985,2,11R,SE,JP
170,Uta,Purseglove,upurseglove4p@alibaba.com,Male,15/02/1979,BK811,1,65P,BR,PT
171,Vidovik,Streeton,vstreeton4q@quantcast.com,Agender,12/02/1993,VX393,7,14C,CZ,CN
172,Ertha,Rosetti,erosetti4r@state.gov,Genderfluid,30/04/1962,SS124,12,88H,MN,ID
173,Paco,Redrup,predrup4s@yandex.ru,Bigender,28/11/1965,OX331,12,34J,ID,ID
174,Leisha,Wayt,lwayt4t@upenn.edu,Polygender,01/12/1962,GC870,3,98G,BR,AF
175,Feodora,Duguid,fduguid4u@un.org,Genderqueer,22/07/1994,QC468,12,89I,ID,FR
176,William,Claibourn,wclaibourn4v@usatoday.com,Genderqueer,03/02/1980,QT588,5,26N,RU,PH
177,Emmalynne,Crambie,ecrambie4w@usgs.gov,Male,07/02/1969,XY865,1,48S,CN,ID
178,Michele,Smeeton,msmeeton4x@usda.gov,Male,17/03/1988,UF337,3,70Z,CZ,PT
179,Letitia,Dennert,ldennert4y@wired.com,Non-binary,15/10/1958,YY992,4,91I,RS,CN
180,Morgen,Sommer,msommer4z@indiatimes.com,Genderfluid,03/07/1985,KZ382,1,61R,PA,CN
181,Goldarina,Arbon,garbon50@ibm.com,Male,25/08/1982,DC893,5,43G,GR,CN
182,Crissie,Lattin,clattin51@gnu.org,Agender,26/03/1959,DF133,5,10E,RU,CN
183,Karlik,Spilstead,kspilstead52@ameblo.jp,Male,07/03/1978,OI308,11,88M,SE,PL
184,Lanette,Klaas,lklaas53@creativecommons.org,Genderqueer,08/09/1983,QC491,12,66E,CN,TH
185,Torr,McCorrie,tmccorrie54@dell.com,Genderfluid,13/07/1998,ND571,5,45M,TD,AR
186,Talbot,Flanner,tflanner55@diigo.com,Bigender,11/09/1994,AE160,10,64U,RU,MN
187,Klaus,Marsden,kmarsden56@vk.com,Agender,17/09/1974,BV099,12,40E,EE,PK
188,Brooke,MacLleese,bmaclleese57@ebay.co.uk,Genderqueer,07/04/1983,MX266,11,81O,US,CN
189,Crystie,McDonand,cmcdonand58@altervista.org,Female,18/03/1996,LS914,11,73Y,AR,ID
190,Glenn,Deniske,gdeniske59@telegraph.co.uk,Polygender,07/10/1983,HC209,8,42R,UA,BD
191,Robyn,Smyley,rsmyley5a@pagesperso-orange.fr,Bigender,19/11/1965,FN142,4,08J,PH,TG
192,Dov,Murty,dmurty5b@simplemachines.org,Genderfluid,10/04/1988,YJ475,4,46E,ID,RU
193,Alleyn,Whitbread,awhitbread5c@howstuffworks.com,Genderqueer,11/06/1971,HZ382,2,90N,CZ,GF
194,Norri,Blaksland,nblaksland5d@soundcloud.com,Agender,13/05/1999,CO677,8,18O,IR,CN
195,Norah,Ciccarello,nciccarello5e@histats.com,Male,10/01/1974,UG859,13,27G,MU,PL
196,Ruthie,Delicate,rdelicate5f@businessinsider.com,Bigender,16/03/1993,HD801,0,45D,AR,UZ
197,Cecelia,Siggens,csiggens5g@zimbio.com,Female,30/06/1980,NV465,11,23O,BG,AF
198,Ardelia,Gornall,agornall5h@edublogs.org,Female,22/02/1979,LP602,10,85P,ID,CZ
199,Jervis,Neilan,jneilan5i@berkeley.edu,Female,16/07/1997,JW599,12,46D,CN,RU
200,Hattie,Gaucher,hgaucher5j@slideshare.net,Non-binary,27/08/1981,IU585,8,57O,AR,PT
201,Forbes,Lealle,flealle5k@blog.com,Polygender,02/08/1998,HY563,10,82K,ID,NL
202,Dena,Skillitt,dskillitt5l@ft.com,Non-binary,12/08/1984,JR316,12,08B,ID,PH
203,Helene,Charrette,hcharrette5m@usatoday.com,Genderfluid,15/07/1978,YB496,9,58P,CN,PY
204,Jolyn,Mavin,jmavin5n@w3.org,Female,24/02/1974,MC454,13,74D,TZ,VN
205,Marcia,Oxby,moxby5o@scientificamerican.com,Agender,30/10/1971,FQ417,0,79U,CN,TN
206,Corry,Haime,chaime5p@tiny.cc,Male,16/08/1987,KZ932,10,69M,PH,BR
207,Crissy,Weldrick,cweldrick5q@washingtonpost.com,Male,26/08/1983,UI305,5,17D,PT,ZA
208,Susannah,Yerby,syerby5r@va.gov,Agender,24/07/1992,RK401,2,86O,RU,SI
209,Gretel,Copplestone,gcopplestone5s@xing.com,Non-binary,08/08/1997,QR038,10,65B,ID,CN
210,Pooh,Mattke,pmattke5t@spotify.com,Non-binary,28/02/1999,XD236,5,81Q,US,FI
211,Constantia,Aguirre,caguirre5u@hexun.com,Genderqueer,18/04/1957,DU134,0,26A,CN,PL
212,Barclay,Mico,bmico5v@flavors.me,Genderfluid,18/05/1990,TZ466,13,14O,PH,PH
213,Marianna,Shinfield,mshinfield5w@sphinn.com,Genderfluid,23/02/1965,UQ112,11,43J,CN,KP
214,Scarface,Atwater,satwater5x@cam.ac.uk,Female,20/08/1988,ZR008,2,60V,SI,AF
215,Edith,Pallesen,epallesen5y@acquirethisname.com,Genderfluid,07/04/1985,AS314,11,92D,BR,BR
216,Bevon,Houlworth,bhoulworth5z@umich.edu,Genderfluid,20/06/1967,HN216,1,25K,PE,JP
217,Marice,Peet,mpeet60@freewebs.com,Polygender,31/05/1992,KN595,3,62K,CN,CA
218,Niki,Labell,nlabell61@e-recht24.de,Genderqueer,09/07/1996,VO323,6,20C,HR,PH
219,Ida,Bewshire,ibewshire62@google.com,Female,19/11/1956,CW065,7,73M,CN,ID
220,Leilah,Rosgen,lrosgen63@dell.com,Genderfluid,01/06/1967,QB894,8,29G,CN,PK
221,Johnnie,Angel,jangel64@slideshare.net,Genderfluid,16/04/1980,EU294,6,85L,VN,US
222,Sheridan,Wille,swille65@marriott.com,Agender,28/03/1963,IF154,3,21H,CN,JP
223,Kaspar,Kinnerk,kkinnerk66@soup.io,Genderfluid,06/05/1978,ZZ456,3,69W,EC,CN
224,Hillary,Cicerone,hcicerone67@example.com,Male,22/02/1992,UA055,1,05R,CN,PL
225,Tuesday,Van Arsdall,tvanarsdall68@dailymotion.com,Polygender,16/10/1997,LZ937,7,89I,CN,UZ
226,Iago,Whitley,iwhitley69@netlog.com,Female,16/06/1976,QM864,2,36T,ID,EG
227,Rossie,Waddilove,rwaddilove6a@opera.com,Non-binary,13/12/1963,DS740,8,39Z,CN,CN
228,Fredelia,Glassopp,fglassopp6b@oaic.gov.au,Polygender,23/04/1973,HK642,13,06H,MY,CN
229,Gerek,Blackaller,gblackaller6c@ucoz.com,Bigender,02/08/1976,KA358,5,75X,GB,PL
230,Charlena,Danilenko,cdanilenko6d@forbes.com,Genderqueer,26/09/1963,TT585,6,20C,AL,RU
231,Koralle,Bannell,kbannell6e@bloglovin.com,Genderfluid,19/11/1960,YT472,13,78E,CN,CN
232,Christabella,Spilstead,cspilstead6f@theguardian.com,Non-binary,29/10/1984,HU850,7,16V,ID,CN
233,Doro,Brambley,dbrambley6g@narod.ru,Agender,17/09/1998,BQ383,13,17L,AR,ZA
234,Dal,Redding,dredding6h@dot.gov,Agender,02/03/1981,CH887,4,16V,EG,CN
235,Nanci,Baudichon,nbaudichon6i@furl.net,Genderfluid,19/09/1997,JU260,11,53Z,SE,PE
236,Rockey,Hardstaff,rhardstaff6j@lulu.com,Polygender,17/09/1969,LX984,10,57D,RU,PK
237,Irvine,Mence,imence6k@privacy.gov.au,Non-binary,16/11/1996,LP061,1,72X,CN,BO
238,Ola,Groocock,ogroocock6l@thetimes.co.uk,Genderqueer,07/11/1996,BH211,11,27A,CN,UY
239,Ronna,Scanlan,rscanlan6m@etsy.com,Agender,05/10/1986,ZR991,5,72S,RU,ID
240,Nettle,O'Cullen,nocullen6n@free.fr,Bigender,24/03/1972,ZN842,13,05C,CN,RS
241,Abby,Gary,agary6o@about.me,Agender,30/10/1968,FB868,11,69T,BG,CN
242,Stafani,Burnsides,sburnsides6p@seesaa.net,Polygender,26/01/1981,UO490,13,68U,PH,US
243,Celinda,Lowrance,clowrance6q@yale.edu,Female,03/10/1970,ZF990,1,59O,AM,SZ
244,Geordie,Burfitt,gburfitt6r@statcounter.com,Genderfluid,31/12/1979,EL174,8,21R,CN,SE
245,Morty,Plaskitt,mplaskitt6s@elpais.com,Genderqueer,14/09/1989,RZ315,4,89R,CN,PL
246,Pennie,Salan,psalan6t@forbes.com,Genderfluid,16/01/1995,PD128,6,83T,ID,FO
247,Orbadiah,Colebrook,ocolebrook6u@pcworld.com,Agender,25/03/1972,NA468,12,37Q,SI,AR
248,Kacy,Gentile,kgentile6v@stanford.edu,Male,20/04/1998,AP785,0,53Z,CN,PL
249,Merrile,Sutterby,msutterby6w@artisteer.com,Agender,28/12/1968,XK485,7,10K,CZ,RE
250,Bondon,Rosenvasser,brosenvasser6x@theguardian.com,Bigender,06/04/1963,HZ674,5,09G,ZA,ID
251,Viva,Antoni,vantoni6y@cnn.com,Female,10/09/1988,XA132,2,67W,RU,MD
252,Emylee,Jann,ejann6z@mac.com,Genderqueer,11/05/1989,DE125,11,85Q,PL,VN
253,Tedmund,Coule,tcoule70@sina.com.cn,Genderfluid,08/11/1971,KQ438,3,34W,ID,US
254,Wesley,Hertwell,whertwell71@yelp.com,Bigender,05/06/1982,JR139,1,25E,GT,ID
255,Jermaine,Christensen,jchristensen72@gov.uk,Genderfluid,20/07/1987,UA221,2,16K,LK,RU
256,Winne,Jobbins,wjobbins73@163.com,Genderqueer,07/01/1963,UP695,7,06I,AR,ZA
257,Raddie,Linham,rlinham74@imdb.com,Agender,10/09/1977,VU359,3,26R,CN,PH
258,Thomasa,Laing,tlaing75@ovh.net,Male,28/09/1970,DD234,8,90X,CZ,PS
259,Clair,Cronk,ccronk76@tinypic.com,Female,13/05/2000,MO997,13,59Z,CN,EC
260,Pauli,Gumary,pgumary77@hp.com,Genderqueer,17/11/1982,JF701,10,44X,PT,CN
261,Antonino,Dulanty,adulanty78@wp.com,Non-binary,26/10/1994,TM723,13,80H,CN,CN
262,Bella,Dowtry,bdowtry79@archive.org,Genderfluid,19/01/1971,WS583,8,10H,PE,MX
263,Maiga,Ionnisian,mionnisian7a@themeforest.net,Female,17/12/1986,LJ364,11,02T,SV,TH
264,Chrissy,Lowdiane,clowdiane7b@ustream.tv,Genderqueer,09/10/1958,BN203,12,81I,LV,ID
265,Nealon,Elland,nelland7c@noaa.gov,Non-binary,30/11/1960,UV985,2,94W,HU,CN
266,Gabe,Huglin,ghuglin7d@elpais.com,Genderfluid,30/03/1989,KX864,2,83H,ID,AT
267,Tremayne,Muldoon,tmuldoon7e@oaic.gov.au,Genderfluid,15/10/1991,QP480,3,89P,GB,ID
268,Hubey,Peyntue,hpeyntue7f@chronoengine.com,Polygender,13/07/1985,XR738,13,83Y,LV,CN
269,Pincas,Dast,pdast7g@hao123.com,Polygender,19/09/1983,CX261,3,22V,UA,MU
270,Jessi,Carrabot,jcarrabot7h@europa.eu,Polygender,28/07/1984,OG923,7,50Q,LK,CN
271,Verney,Graith,vgraith7i@scribd.com,Genderfluid,26/08/1997,TJ204,4,35U,GR,CN
272,Halsy,Stilldale,hstilldale7j@va.gov,Female,11/06/1991,QS167,12,64X,ID,PT
273,Gussi,Baudouin,gbaudouin7k@economist.com,Bigender,11/10/1960,AJ090,8,65E,BR,BR
274,Genni,Teeney,gteeney7l@nationalgeographic.com,Bigender,01/09/1973,IH691,8,38L,ID,AR
275,Ted,Poytheras,tpoytheras7m@aboutads.info,Female,13/07/1981,MC645,6,82E,BD,RU
276,Kaela,Grzelak,kgrzelak7n@deliciousdays.com,Polygender,30/03/1964,HA559,0,19W,DE,CN
277,Moshe,Bromidge,mbromidge7o@google.co.jp,Non-binary,07/11/1977,ZK464,11,48G,CN,CN
278,Forester,Sneddon,fsneddon7p@odnoklassniki.ru,Female,08/08/1965,AH030,8,30Q,CN,FR
279,Elora,Favelle,efavelle7q@msu.edu,Bigender,14/10/1996,OP659,11,79J,CN,GR
280,Misty,Yearron,myearron7r@t.co,Genderqueer,28/11/1975,ML369,3,61N,UA,CN
281,Belia,Boat,bboat7s@naver.com,Female,31/05/1973,SC157,2,53E,NG,KZ
282,Elwood,Castells,ecastells7t@hibu.com,Male,03/11/1989,VY550,5,94W,SE,PH
283,Bartel,Markus,bmarkus7u@hp.com,Genderqueer,11/07/1971,NU582,8,28A,CN,SI
284,Keefer,Simonot,ksimonot7v@blog.com,Male,22/06/1988,YX596,1,43E,CN,PH
285,Silvano,Slay,sslay7w@cbslocal.com,Genderqueer,14/01/1972,NZ042,4,35V,PT,CN
286,Hillel,Baughn,hbaughn7x@bravesites.com,Genderfluid,15/07/1957,GM858,3,66R,CA,ID
287,Fern,Reen,freen7y@people.com.cn,Female,06/09/1988,XP382,2,33N,LV,PH
288,Brinn,Skirven,bskirven7z@go.com,Male,27/03/1993,OJ608,12,32D,ID,GH
289,Con,Walford,cwalford80@bbb.org,Non-binary,08/02/1992,XA454,10,61L,PL,CN
290,Hobey,Ravenhills,hravenhills81@geocities.com,Genderfluid,24/07/1960,XT126,5,92Y,PH,PT
291,Layne,Windibank,lwindibank82@ask.com,Agender,13/10/1999,HH013,4,47K,US,RU
292,Dom,Ohanessian,dohanessian83@weather.com,Genderfluid,24/11/1964,EX824,3,59Q,ID,SY
293,Trever,Averay,taveray84@cornell.edu,Polygender,13/07/1977,UC851,1,46U,TZ,PH
294,Rufe,Pessel,rpessel85@oracle.com,Non-binary,23/09/1984,VA868,1,42X,ID,UA
295,Clarke,Topping,ctopping86@google.com.br,Male,20/06/1997,KN100,4,82Y,UA,EE
296,Ros,Kensitt,rkensitt87@dot.gov,Agender,01/09/1977,UE067,11,46S,SI,AR
297,Joana,Drexel,jdrexel88@prweb.com,Female,04/07/1985,IB984,2,67O,PT,PL
298,Noel,Teaz,nteaz89@redcross.org,Polygender,09/09/1970,JF836,11,83P,FR,AR
299,Anne-marie,Etter,aetter8a@bbc.co.uk,Polygender,28/09/1970,BP688,12,66C,PH,CN
300,Nolan,Rippon,nrippon8b@indiegogo.com,Bigender,09/09/1989,TN232,7,66Q,AL,ID
301,Rubina,Cail,rcail8c@google.nl,Bigender,04/07/1972,WM971,3,40F,MD,MQ
302,Shep,Spanton,sspanton8d@mysql.com,Female,20/07/1998,VI820,5,89Z,BA,CN
303,Aggi,Dewick,adewick8e@sina.com.cn,Agender,07/04/1966,PH296,3,33G,RU,ID
304,Kennith,O'Hagan,kohagan8f@wp.com,Bigender,19/11/1958,DB462,1,13I,ID,CN
305,Elizabet,Jacmard,ejacmard8g@sbwire.com,Genderfluid,23/06/1997,HI583,6,82D,CN,PH
306,Edna,Eschalette,eeschalette8h@istockphoto.com,Genderqueer,12/11/1988,RK257,7,69M,PT,CN
307,Micki,Stuckey,mstuckey8i@tinypic.com,Bigender,20/12/1973,VI870,8,41Q,BY,ID
308,Sharleen,Nansom,snansom8j@artisteer.com,Male,23/06/1969,YN864,8,69N,PT,ID
309,Hamnet,Storer,hstorer8k@oaic.gov.au,Genderqueer,29/12/1998,MT842,4,43Z,MV,RS
310,Nappy,O'Dowgaine,nodowgaine8l@acquirethisname.com,Polygender,03/02/1962,XJ527,6,91Y,PH,PT
311,Mireille,Pedroli,mpedroli8m@abc.net.au,Bigender,23/07/1977,PH269,4,96U,RS,CN
312,Tania,Cochrane,tcochrane8n@alexa.com,Genderqueer,24/03/1974,PC362,6,36X,JP,SZ
313,Egor,Praill,epraill8o@mapquest.com,Bigender,11/02/1960,ND310,2,47E,GH,FR
314,Ivett,Banbridge,ibanbridge8p@merriam-webster.com,Female,16/06/1977,GW526,12,55B,CN,PE
315,Gearard,Durban,gdurban8q@indiegogo.com,Female,07/04/1959,FG028,10,14K,CN,ID
316,Nial,Grimmert,ngrimmert8r@amazon.de,Bigender,02/08/1965,NA873,9,23M,PL,BR
317,Gwendolin,Sterndale,gsterndale8s@newyorker.com,Female,20/04/1985,SH176,9,91D,CA,RU
318,Odelia,Oakton,ooakton8t@apache.org,Bigender,12/09/1980,HA946,3,43T,SI,US
319,Tremayne,Cashmore,tcashmore8u@samsung.com,Female,02/02/1985,PV755,4,04S,GR,NG
320,Amanda,Brightman,abrightman8v@dot.gov,Polygender,28/04/1996,KN114,11,81E,BG,UY
321,Reggis,Attew,rattew8w@usgs.gov,Female,02/11/1994,UZ111,3,61P,PE,CA
322,Adolpho,Klampk,aklampk8x@whitehouse.gov,Non-binary,16/10/1998,LR073,5,25J,RU,CN
323,Mendie,Sperry,msperry8y@telegraph.co.uk,Agender,18/11/1965,JW866,6,80Y,MK,BR
324,Cecilius,Amery,camery8z@pen.io,Genderqueer,09/08/1995,EI568,11,31P,ID,PT
325,Herold,Kesterton,hkesterton90@ox.ac.uk,Bigender,11/07/1982,DV298,2,96A,CG,TZ
326,Mortimer,Mayow,mmayow91@symantec.com,Male,22/02/2000,EP163,13,88N,CN,BB
327,Carmela,Stokes,cstokes92@wisc.edu,Agender,06/05/1965,BU147,8,15M,HR,RU
328,Trey,Pheby,tpheby93@delicious.com,Polygender,24/02/1971,SN973,11,80R,VE,CZ
329,Frederigo,Thain,fthain94@chicagotribune.com,Genderfluid,02/03/1967,JK794,9,79H,BR,TH
330,Rivalee,Blanchette,rblanchette95@phoca.cz,Female,09/07/1999,EJ880,13,82E,RU,PT
331,Lianna,Robard,lrobard96@tumblr.com,Female,06/05/1976,YL933,0,13X,AR,VN
332,Odelle,Haugeh,ohaugeh97@economist.com,Bigender,07/01/1968,AW486,6,77L,PL,UA
333,Lawton,Odo,lodo98@mapquest.com,Polygender,03/05/1977,FG633,8,02Q,CN,RU
334,Alisha,Sowte,asowte99@blogtalkradio.com,Male,04/09/1989,OH742,1,35K,ID,RU
335,Kellina,Stait,kstait9a@usgs.gov,Male,21/01/1981,NJ612,10,47U,CN,HU
336,Bruis,Cheatle,bcheatle9b@mapy.cz,Agender,28/01/1973,WW222,9,09M,CN,MU
337,Boniface,Grgic,bgrgic9c@npr.org,Polygender,15/11/1999,HW753,4,08B,PH,DO
338,Erna,Whylie,ewhylie9d@ovh.net,Polygender,15/09/1989,NZ101,13,61K,CN,ID
339,Enrico,Glencross,eglencross9e@usa.gov,Non-binary,06/02/1994,AR145,0,66Q,BF,BR
340,Eilis,Kobu,ekobu9f@amazon.co.uk,Bigender,20/04/1977,GT809,2,69X,CN,AR
341,Marcia,Farndon,mfarndon9g@baidu.com,Female,27/10/1988,TM820,3,33Q,FR,SE
342,Pauli,Cornuau,pcornuau9h@zimbio.com,Male,08/07/1984,VK738,12,17Y,NI,UZ
343,Harold,De Cruce,hdecruce9i@livejournal.com,Genderfluid,05/01/1984,GD087,13,89U,AM,CZ
344,Bobine,Bodsworth,bbodsworth9j@pcworld.com,Genderfluid,23/08/1996,QW609,5,76F,US,CN
345,Rogerio,Meffan,rmeffan9k@macromedia.com,Polygender,02/05/1990,OG483,12,05L,CN,NP
346,Oran,Thickin,othickin9l@nifty.com,Genderqueer,13/12/1965,UE148,10,88N,CN,PL
347,Timi,Dadley,tdadley9m@ca.gov,Female,17/12/1962,IV311,1,41X,SE,CA
348,Erminia,Tregido,etregido9n@mapquest.com,Male,13/04/1985,NA009,13,02Q,PH,KP
349,Alisander,Alvin,aalvin9o@friendfeed.com,Male,04/02/1982,YR753,0,21S,RU,SE
350,Saudra,Dawks,sdawks9p@slideshare.net,Agender,25/02/1999,ZA235,6,44Z,TH,PH
351,Gwenni,Redmore,gredmore9q@vkontakte.ru,Genderfluid,26/06/1970,MH353,1,22F,JP,SY
352,Charline,Moogan,cmoogan9r@cbslocal.com,Polygender,02/10/1984,SB406,11,94R,GR,AR
353,Opalina,Leckey,oleckey9s@census.gov,Bigender,27/02/1959,PL063,6,78I,ID,CN
354,Lionel,Werendell,lwerendell9t@weather.com,Agender,23/07/1993,XT034,8,73A,FI,US
355,Ruby,Mack,rmack9u@marriott.com,Genderfluid,08/05/1965,SH989,10,86W,EG,RU
356,Susy,Poure,spoure9v@youtu.be,Female,25/12/1960,ZO558,13,32I,SE,CO
357,Filmore,China,fchina9w@nih.gov,Bigender,02/03/1965,UP958,7,00N,RU,DK
358,Charmion,Braune,cbraune9x@time.com,Genderfluid,13/02/1973,EQ250,11,88E,RU,SE
359,Davina,Kinkaid,dkinkaid9y@hp.com,Genderqueer,07/03/1971,SB921,8,70I,CA,RU
360,Eadith,Meader,emeader9z@google.fr,Male,28/05/1970,EP579,9,34O,FR,NL
361,Garry,Frend,gfrenda0@theguardian.com,Agender,25/09/1981,DO521,13,83B,CN,CN
362,Kennith,Boyett,kboyetta1@miibeian.gov.cn,Genderqueer,29/03/1998,IJ034,1,75E,PL,AR
363,Marie,Cudihy,mcudihya2@icio.us,Agender,11/09/1974,AD343,1,20C,NL,PE
364,Emmott,Codrington,ecodringtona3@blogger.com,Agender,16/03/1983,TE985,2,40W,ID,CN
365,Trixi,Willmer,twillmera4@printfriendly.com,Genderqueer,27/02/1974,EV198,9,57S,HR,GE
366,Jerrome,Janko,jjankoa5@washingtonpost.com,Male,29/07/1986,HC056,10,96M,AM,MW
367,Berton,Farn,bfarna6@ibm.com,Genderfluid,21/10/1958,CB305,13,89I,PE,PL
368,Emmalyn,Roadnight,eroadnighta7@oakley.com,Agender,30/03/1975,WO584,1,49Y,CN,VN
369,Elijah,Asp,easpa8@dell.com,Agender,02/01/1996,EY876,6,61N,ID,BR
370,Abba,Skoggings,askoggingsa9@desdev.cn,Non-binary,02/10/1964,JS150,10,00O,JP,KM
371,Philippe,Breese,pbreeseaa@prlog.org,Agender,30/12/1979,AM471,11,09S,ID,US
372,Sybila,Paulazzi,spaulazziab@sciencedirect.com,Genderfluid,24/11/1980,MX534,1,96P,MN,CL
373,Jade,Reynolds,jreynoldsac@berkeley.edu,Bigender,16/03/1973,XM465,11,63H,PH,SR
374,Broddy,Scherme,bschermead@princeton.edu,Non-binary,03/04/1990,PP638,8,01A,CN,VU
375,Teressa,Farnall,tfarnallae@miibeian.gov.cn,Polygender,28/12/1988,LG145,5,71D,ID,ID
376,Anthia,McCluney,amccluneyaf@sun.com,Genderqueer,06/04/1979,NN050,8,66L,BR,CN
377,Lyndsey,Kleinplac,lkleinplacag@issuu.com,Non-binary,06/01/1959,JZ079,11,55F,KW,RU
378,Clio,Kalkofen,ckalkofenah@cam.ac.uk,Genderqueer,30/05/1968,LA575,3,72C,RS,MG
379,Malachi,Ales,malesai@blogtalkradio.com,Genderfluid,23/03/1979,KW150,3,65G,CN,AL
380,Katheryn,Mathevon,kmathevonaj@japanpost.jp,Non-binary,15/03/1962,HS433,5,59J,ID,KE
381,Abbie,Garlinge,agarlingeak@instagram.com,Agender,03/08/1979,VP825,11,37X,CA,ID
382,Neila,Uman,numanal@si.edu,Agender,11/07/1979,KE597,10,67X,ID,US
383,Jobey,Chstney,jchstneyam@google.com,Bigender,04/05/1973,FQ867,6,61C,CN,NG
384,Walliw,Quilleash,wquilleashan@shutterfly.com,Genderfluid,01/03/1965,JT932,2,98O,PT,JP
385,Carson,Postle,cpostleao@ibm.com,Genderqueer,20/08/1992,QC565,11,52C,CN,CZ
386,Eve,Rosenthal,erosenthalap@ifeng.com,Bigender,07/07/1997,DH112,1,76C,RU,CO
387,Ailyn,Andrassy,aandrassyaq@ustream.tv,Non-binary,26/04/1997,YY330,2,12X,CN,RU
388,Farlee,Godrich,fgodrichar@oaic.gov.au,Male,16/04/1984,MQ906,8,75I,CN,CN
389,Aylmer,Nathon,anathonas@bloomberg.com,Genderqueer,20/11/1986,IU685,0,36C,BR,ID
390,Griffie,Monger,gmongerat@howstuffworks.com,Bigender,15/07/1983,QE157,13,07P,CO,UA
391,Dennet,Iddons,diddonsau@mysql.com,Female,03/09/1974,UZ504,10,17I,CN,NZ
392,Jethro,Kermitt,jkermittav@zdnet.com,Genderqueer,01/10/1969,SV083,5,12J,CN,JP
393,Sherill,Bolstridge,sbolstridgeaw@spotify.com,Polygender,22/06/1962,FY602,8,10R,ID,CN
394,Freda,Fairchild,ffairchildax@so-net.ne.jp,Genderqueer,13/03/1971,KM576,13,16R,PH,CN
395,Kassia,Edes,kedesay@boston.com,Agender,14/04/1999,GV579,7,62U,SE,RU
396,Lavinie,Garioch,lgariochaz@51.la,Non-binary,27/08/1999,NG189,1,76I,FR,KZ
397,Amity,Pharoah,apharoahb0@blog.com,Bigender,23/10/1986,AW695,3,16U,PH,CZ
398,Urbano,Gonnel,ugonnelb1@wikispaces.com,Polygender,11/07/1960,GI989,12,14Z,CN,IL
399,Fania,Synke,fsynkeb2@nydailynews.com,Female,03/05/1969,LZ551,7,68C,PT,ID
400,Darlleen,Fernehough,dfernehoughb3@51.la,Polygender,28/05/1982,CV386,12,28V,RU,UA
401,Vassili,Lilburne,vlilburneb4@storify.com,Agender,02/08/1977,WO382,8,36Y,PT,PE
402,Karlene,Gatty,kgattyb5@utexas.edu,Non-binary,13/06/1972,PC469,7,77N,CN,PT
403,Murdoch,Choudhury,mchoudhuryb6@eventbrite.com,Male,20/01/1964,LY454,5,97D,RU,NO
404,Geordie,Pauli,gpaulib7@smugmug.com,Non-binary,22/10/1967,VY604,4,59X,CZ,IT
405,Michelina,Tennant,mtennantb8@123-reg.co.uk,Genderqueer,12/06/1988,RH492,12,13C,FI,RU
406,Tadeas,Poizer,tpoizerb9@globo.com,Female,07/10/1962,QT534,9,21C,US,CO
407,Catherina,Dunseath,cdunseathba@bluehost.com,Agender,08/08/1996,RQ871,7,28T,SY,NG
408,Ring,McConnel,rmcconnelbb@scientificamerican.com,Polygender,05/11/1994,KD012,5,08Y,NL,BR
409,Ian,Goodyear,igoodyearbc@sakura.ne.jp,Polygender,08/11/1978,AS874,10,95J,PH,PH
410,Graeme,Fedynski,gfedynskibd@flickr.com,Polygender,23/07/1991,KL966,9,19N,LK,FR
411,Lulu,Penright,lpenrightbe@va.gov,Polygender,28/11/1995,QC761,5,46F,PL,BG
412,Far,Downs,fdownsbf@canalblog.com,Agender,07/04/1979,XT514,2,38E,CN,HU
413,Iver,Ferriere,iferrierebg@a8.net,Polygender,20/05/1966,NM749,7,20E,LT,CN
414,Reinhold,Staley,rstaleybh@hugedomains.com,Non-binary,03/10/1968,OR378,13,04A,BI,ID
415,Shanda,Vallender,svallenderbi@joomla.org,Agender,28/07/1987,AG400,7,54L,CN,UA
416,Herb,Garnsey,hgarnseybj@facebook.com,Male,05/01/1980,UO327,3,44Q,ID,CN
417,Alex,Biddles,abiddlesbk@odnoklassniki.ru,Bigender,19/08/1990,UA078,12,76O,ID,ID
418,Garey,Steddall,gsteddallbl@wisc.edu,Male,21/12/1979,BR049,8,02E,UA,UZ
419,Tiffanie,Wayt,twaytbm@blinklist.com,Bigender,24/04/1958,EV852,4,47A,BO,PH
420,Eduino,Shepperd,eshepperdbn@nature.com,Female,27/11/1995,FV726,2,43P,GE,HN
421,Serena,Clandillon,sclandillonbo@angelfire.com,Genderqueer,08/02/1998,PT159,13,30W,DO,NO
422,Rayna,Crumly,rcrumlybp@imdb.com,Genderqueer,22/08/1988,DU832,3,26T,CN,RS
423,Raymond,Dearness,rdearnessbq@51.la,Non-binary,02/01/1967,FG542,0,47N,ID,CN
424,Weylin,Tabourin,wtabourinbr@soundcloud.com,Bigender,31/08/1994,FI324,1,89Z,CN,CN
425,Bordie,Cattow,bcattowbs@mozilla.org,Female,10/02/1962,MV649,11,99Q,KZ,PK
426,Sybilla,Ximenez,sximenezbt@creativecommons.org,Polygender,15/09/1978,OH291,9,64U,AM,ID
427,Reggi,Ennew,rennewbu@go.com,Agender,02/12/1977,DL121,3,11H,ID,VU
428,Diena,Vallis,dvallisbv@weibo.com,Bigender,24/05/1962,OZ117,3,83G,KH,CN
429,Wilma,Dyzart,wdyzartbw@liveinternet.ru,Non-binary,17/09/1962,KO846,0,00E,CC,RU
430,Amelita,Shakeshaft,ashakeshaftbx@angelfire.com,Genderfluid,18/05/1993,HU409,2,72P,CN,PL
431,Maiga,Amner,mamnerby@blogspot.com,Bigender,15/07/1995,VV384,5,99E,CN,ID
432,Kissiah,Froggatt,kfroggattbz@nhs.uk,Genderfluid,11/11/1966,YZ403,7,01B,BY,ET
433,Gorden,Meikle,gmeiklec0@amazonaws.com,Male,28/01/1962,LX792,0,66K,US,CN
434,Rhodia,Oatley,roatleyc1@scientificamerican.com,Non-binary,11/09/1964,MS146,5,00T,IR,MA
435,Aubrey,Fansy,afansyc2@fda.gov,Agender,07/03/1966,NJ754,1,24Y,TH,AR
436,Rosy,Stollen,rstollenc3@craigslist.org,Male,01/12/1995,DK414,13,71M,CN,CN
437,Justis,Kelley,jkelleyc4@plala.or.jp,Non-binary,25/08/1973,HG135,0,55L,PH,ZM
438,Gerty,Murfett,gmurfettc5@youtu.be,Genderqueer,04/01/1987,RS276,12,62K,PT,CM
439,Wenda,Kiddie,wkiddiec6@google.nl,Non-binary,12/12/1959,GY182,1,20E,AR,US
440,Beatrice,Pryde,bprydec7@harvard.edu,Genderqueer,30/07/1986,RM723,4,65U,AR,US
441,Shana,Guerre,sguerrec8@addthis.com,Agender,12/03/1973,OA677,4,38D,HN,AL
442,Bartram,Lillgard,blillgardc9@chronoengine.com,Non-binary,22/12/1976,XK293,12,32U,PH,GB
443,Nora,Stapels,nstapelsca@github.io,Polygender,23/10/1994,CM195,1,80X,PE,PH
444,Jo-ann,Cornelisse,jcornelissecb@google.co.uk,Genderfluid,01/09/1983,YU331,8,87G,RU,CZ
445,Rosabelle,Anning,ranningcc@psu.edu,Male,30/10/1957,LU179,13,33W,JP,CN
446,Aarika,Halwill,ahalwillcd@tripod.com,Non-binary,30/07/1998,BE338,11,51L,BY,CN
447,Vere,Batteson,vbattesonce@sakura.ne.jp,Polygender,27/11/1961,IL629,8,16S,BR,SE
448,Gates,Cowin,gcowincf@netlog.com,Female,03/01/1957,PO630,0,95M,CA,PH
449,Bili,Lammertz,blammertzcg@nhs.uk,Non-binary,30/07/1965,CY315,11,01Q,CO,ID
450,Ly,Weine,lweinech@pbs.org,Genderqueer,01/04/1962,PZ710,12,83L,ID,CN
451,Irvine,Kauffman,ikauffmanci@nature.com,Polygender,20/02/1957,YY990,5,69I,ID,RS
452,Sena,Dymott,sdymottcj@networkadvertising.org,Bigender,08/04/1983,SR452,13,81V,CN,PH
453,Nickie,Akred,nakredck@dropbox.com,Bigender,26/07/1973,RO386,0,76A,RU,CO
454,Chris,Emms,cemmscl@spotify.com,Male,20/10/1981,UT938,12,00I,US,JP
455,Rock,Deering,rdeeringcm@nationalgeographic.com,Non-binary,10/07/1991,WI944,9,00U,CN,MX
456,Sarene,Camble,scamblecn@unesco.org,Female,18/01/1961,MF971,8,92X,SA,WF
457,Bibby,Lord,blordco@github.io,Genderqueer,30/01/1974,SL841,12,23N,CN,LA
458,Bunnie,Klampt,bklamptcp@jimdo.com,Agender,03/08/1974,TU075,3,60W,ID,CR
459,Kora,Doeg,kdoegcq@army.mil,Polygender,16/09/1999,IS119,1,82C,YE,PL
460,Warden,Hinckley,whinckleycr@google.cn,Agender,04/06/1998,JD434,1,91Y,US,CO
461,Elysha,Cuerda,ecuerdacs@uol.com.br,Genderqueer,06/02/1988,CO617,2,77D,YE,CN
462,Susanne,Foxhall,sfoxhallct@soup.io,Genderqueer,17/10/1990,EI770,9,33R,ID,PL
463,Loralee,Binton,lbintoncu@uiuc.edu,Bigender,06/11/1994,SP400,1,97R,PT,PH
464,Scotty,Wilkinson,swilkinsoncv@ucoz.ru,Genderfluid,23/08/1994,YD152,0,57W,EG,US
465,Aubrey,Edsell,aedsellcw@sbwire.com,Female,19/10/1984,HC529,4,41Q,FR,RU
466,Giuditta,Boij,gboijcx@boston.com,Agender,09/02/1959,FX767,9,46C,ID,RU
467,Gunther,Di Gregorio,gdigregoriocy@networkadvertising.org,Genderfluid,07/06/1979,EZ011,8,93A,CN,CN
468,Madeleine,Gamwell,mgamwellcz@mit.edu,Bigender,14/09/1992,HQ886,1,61A,MT,SE
469,Frederica,Bertson,fbertsond0@ft.com,Polygender,27/07/1989,DD248,10,46U,CN,CN
470,Annmarie,Wellard,awellardd1@github.com,Non-binary,12/07/1994,KG531,13,29B,RU,RU
471,Napoleon,Danell,ndanelld2@pen.io,Agender,03/03/1978,NE031,4,32E,US,NG
472,Eba,MacGahy,emacgahyd3@upenn.edu,Bigender,04/08/1994,MM147,1,91W,CN,MT
473,Chryste,Bradford,cbradfordd4@goo.gl,Genderfluid,24/09/1979,VV245,1,73Q,PK,PL
474,Mortimer,Durston,mdurstond5@auda.org.au,Male,21/04/1978,LI587,1,29E,PH,ID
475,Sarene,Huthart,shuthartd6@pinterest.com,Male,05/10/1960,DJ579,7,45P,FR,AL
476,Rasia,Seatter,rseatterd7@elegantthemes.com,Genderfluid,24/10/1976,JJ638,12,61P,PH,EG
477,Tristam,McLucky,tmcluckyd8@photobucket.com,Genderqueer,23/09/1992,GV047,6,73V,GR,RU
478,Harri,Woliter,hwoliterd9@bravesites.com,Genderfluid,11/06/1989,CF266,12,25V,SE,SE
479,Blakeley,Matejic,bmatejicda@unesco.org,Genderfluid,07/06/1978,JW546,13,56Q,BR,IR
480,Dallon,Kadar,dkadardb@blogspot.com,Polygender,04/10/1964,HS005,3,50B,MA,DE
481,Vivi,Corbet,vcorbetdc@stumbleupon.com,Genderfluid,05/11/1970,PB187,2,93M,PE,CN
482,Dan,Chinn,dchinndd@issuu.com,Polygender,07/11/1977,EJ412,7,68A,VN,CN
483,Kelby,Babalola,kbabalolade@merriam-webster.com,Genderfluid,26/11/1965,XT017,5,63V,GM,JP
484,Claiborn,Astridge,castridgedf@angelfire.com,Bigender,13/07/1979,UV363,7,04O,CN,ID
485,Jenn,Dobell,jdobelldg@xrea.com,Female,27/08/1980,VW043,0,63B,ID,CN
486,Filippo,Simanenko,fsimanenkodh@fc2.com,Genderfluid,17/06/1981,SP643,11,53G,CN,CN
487,Vasili,Foulis,vfoulisdi@dion.ne.jp,Genderfluid,07/03/1974,JW133,1,14O,ID,HR
488,Agathe,Mityakov,amityakovdj@acquirethisname.com,Bigender,26/05/1959,EH095,5,02W,CN,AL
489,Gipsy,Lacer,glacerdk@cbsnews.com,Female,03/05/1975,GK154,11,60C,PT,RU
490,Nichols,Eady,neadydl@japanpost.jp,Genderqueer,03/06/1980,RD381,10,07L,PL,JO
491,Nissa,Coolbear,ncoolbeardm@ucsd.edu,Genderfluid,23/03/1973,YI670,12,36X,AZ,MG
492,Perri,Chalcraft,pchalcraftdn@e-recht24.de,Non-binary,05/09/1967,KI378,10,37M,CN,ID
493,Shannah,Wilber,swilberdo@chron.com,Polygender,25/04/1990,VS693,12,34A,LY,PH
494,Arda,Somes,asomesdp@sakura.ne.jp,Male,23/12/1977,RR723,6,70J,PL,CN
495,Grace,Isenor,gisenordq@fc2.com,Male,05/01/1989,DA166,8,22I,JP,CN
496,Cyrus,Brane,cbranedr@domainmarket.com,Male,24/02/1980,EU063,9,05R,PH,ID
497,Daria,Marishenko,dmarishenkods@topsy.com,Agender,18/11/1995,PL617,0,19G,US,CN
498,Rosmunda,Blance,rblancedt@amazon.de,Male,30/07/1959,AN864,7,51C,TN,US
499,Anabelle,Saffran,asaffrandu@mayoclinic.com,Female,28/12/1973,CW883,7,12U,PH,CN
500,Geno,Dunkerk,gdunkerkdv@opera.com,Agender,23/09/1979,MZ818,4,98N,ID,ID
